plan,clients_per_line,line,feasible,sub_accounts_total,revenue_month,ghl_plan_share,other_cost,total_cost,cost_per_client,margin,margin_pct
Starter $97,1,Leasify,no: needs 5 sub-accounts,5,499,35.93,489.88,525.81,525.81,-26.81,-5.4
Starter $97,1,RevLabs,no: needs 5 sub-accounts,5,57.0,43.11,44.06,87.17,87.17,-30.17,-52.9
Starter $97,1,TF,no: needs 5 sub-accounts,5,249,17.96,17.85,35.81,35.81,213.19,85.6
Starter $97,10,Leasify,no: needs 18 sub-accounts,18,4990,59.28,2648.8,2708.08,270.81,2281.92,45.7
Starter $97,10,RevLabs,no: needs 18 sub-accounts,18,570.0,32.33,188.63,220.96,22.1,349.04,61.2
Starter $97,10,TF,no: needs 18 sub-accounts,18,2490,5.39,151.5,156.89,15.69,2333.11,93.7
Starter $97,25,Leasify,no: needs 39 sub-accounts,39,12475,64.67,6247.0,6311.67,252.47,6163.33,49.4
Starter $97,25,RevLabs,no: needs 39 sub-accounts,39,1425.0,29.85,429.58,459.42,18.38,965.58,67.8
Starter $97,25,TF,no: needs 39 sub-accounts,39,6225,2.49,374.25,376.74,15.07,5848.26,93.9
Starter $97,50,Leasify,no: needs 74 sub-accounts,74,24950,66.85,12244.0,12310.85,246.22,12639.15,50.7
Starter $97,50,RevLabs,no: needs 74 sub-accounts,74,2850.0,28.84,831.15,859.99,17.2,1990.01,69.8
Starter $97,50,TF,no: needs 74 sub-accounts,74,12450,1.31,745.5,746.81,14.94,11703.19,94.0
Starter $97,100,Leasify,no: needs 144 sub-accounts,144,49900,68.03,24238.0,24306.03,243.06,25593.97,51.3
Starter $97,100,RevLabs,no: needs 144 sub-accounts,144,5700.0,28.29,1634.3,1662.59,16.63,4037.41,70.8
Starter $97,100,TF,no: needs 144 sub-accounts,144,24900,0.67,1488.0,1488.67,14.89,23411.33,94.0
Unlimited $297,1,Leasify,yes,5,499,110.0,489.88,599.88,599.88,-100.88,-20.2
Unlimited $297,1,RevLabs,yes,5,57.0,132.0,44.06,176.06,176.06,-119.06,-208.9
Unlimited $297,1,TF,yes,5,249,55.0,17.85,72.85,72.85,176.15,70.7
Unlimited $297,10,Leasify,yes,18,4990,181.5,2648.8,2830.3,283.03,2159.7,43.3
Unlimited $297,10,RevLabs,yes,18,570.0,99.0,188.63,287.63,28.76,282.37,49.5
Unlimited $297,10,TF,yes,18,2490,16.5,151.5,168.0,16.8,2322.0,93.3
Unlimited $297,25,Leasify,yes,39,12475,198.0,6247.0,6445.0,257.8,6030.0,48.3
Unlimited $297,25,RevLabs,yes,39,1425.0,91.38,429.58,520.96,20.84,904.04,63.4
Unlimited $297,25,TF,yes,39,6225,7.62,374.25,381.87,15.27,5843.13,93.9
Unlimited $297,50,Leasify,yes,74,24950,204.69,12244.0,12448.69,248.97,12501.31,50.1
Unlimited $297,50,RevLabs,yes,74,2850.0,88.3,831.15,919.45,18.39,1930.55,67.7
Unlimited $297,50,TF,yes,74,12450,4.01,745.5,749.51,14.99,11700.49,94.0
Unlimited $297,100,Leasify,yes,144,49900,208.31,24238.0,24446.31,244.46,25453.69,51.0
Unlimited $297,100,RevLabs,yes,144,5700.0,86.62,1634.3,1720.93,17.21,3979.07,69.8
Unlimited $297,100,TF,yes,144,24900,2.06,1488.0,1490.06,14.9,23409.94,94.0
Agency Pro $497 + US entity,1,Leasify,yes,5,499,205.68,489.88,695.56,695.56,-196.56,-39.4
Agency Pro $497 + US entity,1,RevLabs,yes,5,57.0,246.81,44.06,290.88,290.88,-233.88,-410.3
Agency Pro $497 + US entity,1,TF,yes,5,249,102.84,17.85,120.69,120.69,128.31,51.5
Agency Pro $497 + US entity,10,Leasify,yes,18,4990,339.37,2648.8,2988.17,298.82,2001.83,40.1
Agency Pro $497 + US entity,10,RevLabs,yes,18,570.0,185.11,188.63,373.74,37.37,196.26,34.4
Agency Pro $497 + US entity,10,TF,yes,18,2490,30.85,151.5,182.35,18.24,2307.65,92.7
Agency Pro $497 + US entity,25,Leasify,yes,39,12475,370.22,6247.0,6617.22,264.69,5857.78,47.0
Agency Pro $497 + US entity,25,RevLabs,yes,39,1425.0,170.87,429.58,600.45,24.02,824.55,57.9
Agency Pro $497 + US entity,25,TF,yes,39,6225,14.24,374.25,388.49,15.54,5836.51,93.8
Agency Pro $497 + US entity,50,Leasify,yes,74,24950,382.73,12244.0,12626.73,252.53,12323.27,49.4
Agency Pro $497 + US entity,50,RevLabs,yes,74,2850.0,165.1,831.15,996.25,19.92,1853.75,65.0
Agency Pro $497 + US entity,50,TF,yes,74,12450,7.5,745.5,753.0,15.06,11697.0,94.0
Agency Pro $497 + US entity,100,Leasify,yes,144,49900,389.5,24238.0,24627.5,246.28,25272.5,50.6
Agency Pro $497 + US entity,100,RevLabs,yes,144,5700.0,161.97,1634.3,1796.27,17.96,3903.73,68.5
Agency Pro $497 + US entity,100,TF,yes,144,24900,3.86,1488.0,1491.86,14.92,23408.14,94.0
3 agencies x Unlimited $891,1,Leasify,yes,5,499,330.0,489.88,819.88,819.88,-320.88,-64.3
3 agencies x Unlimited $891,1,RevLabs,yes,5,57.0,396.0,44.06,440.06,440.06,-383.06,-672.0
3 agencies x Unlimited $891,1,TF,yes,5,249,165.0,17.85,182.85,182.85,66.15,26.6
3 agencies x Unlimited $891,10,Leasify,yes,18,4990,544.5,2648.8,3193.3,319.33,1796.7,36.0
3 agencies x Unlimited $891,10,RevLabs,yes,18,570.0,297.0,188.63,485.63,48.56,84.37,14.8
3 agencies x Unlimited $891,10,TF,yes,18,2490,49.5,151.5,201.0,20.1,2289.0,91.9
3 agencies x Unlimited $891,25,Leasify,yes,39,12475,594.0,6247.0,6841.0,273.64,5634.0,45.2
3 agencies x Unlimited $891,25,RevLabs,yes,39,1425.0,274.15,429.58,703.73,28.15,721.27,50.6
3 agencies x Unlimited $891,25,TF,yes,39,6225,22.85,374.25,397.1,15.88,5827.9,93.6
3 agencies x Unlimited $891,50,Leasify,yes,74,24950,614.07,12244.0,12858.07,257.16,12091.93,48.5
3 agencies x Unlimited $891,50,RevLabs,yes,74,2850.0,264.89,831.15,1096.04,21.92,1753.96,61.5
3 agencies x Unlimited $891,50,TF,yes,74,12450,12.04,745.5,757.54,15.15,11692.46,93.9
3 agencies x Unlimited $891,100,Leasify,yes,144,49900,624.94,24238.0,24862.94,248.63,25037.06,50.2
3 agencies x Unlimited $891,100,RevLabs,yes,144,5700.0,259.88,1634.3,1894.18,18.94,3805.82,66.8
3 agencies x Unlimited $891,100,TF,yes,144,24900,6.19,1488.0,1494.19,14.94,23405.81,94.0
