#,Name,Phone,Current Site,Problem,Sample Site,Outreach Email
1,Bryan Koopmann DDS PC,(512) 442-7897,No site,"Zero web presence—no dedicated site, no online booking, no digital storefront. Patients searching S Lamar find competitors first.",HTML below,"Hi Dr. Koopmann, I noticed your practice doesn't have its own website—so I built a sample one-page site for you as a free preview. In Austin's competitive dental market, patients research online before booking, and right now they can't find you easily. The sample includes your services, contact info, and a modern layout that works on phones. No obligation—just wanted to show what's possible. Want to see it? Reply and I'll send the link. Best, \[Your Name]"
2,Steven L Van Wicklen DDS,(512) 448-3131,No site,"No website means patients can’t verify credentials, view services, or read reviews before calling, creating unnecessary friction.",HTML below,"Hi Dr. Van Wicklen, I noticed your practice doesn't have its own website—so I built a sample one-page site for you as a free preview. In Austin's competitive dental market, patients research online before booking, and right now they can't find you easily. The sample includes your services, contact info, and a modern layout that works on phones. No obligation—just wanted to show what's possible. Want to see it? Reply and I'll send the link. Best, \[Your Name]"
3,L Crane & Associates PC,(512) 326-3998,No site,Located on a major Austin corridor but invisible online—no site to capture commuters searching for dental care nearby.,HTML below,"Hi Dr. Crane, I noticed your practice doesn't have its own website—so I built a sample one-page site for you as a free preview. In Austin's competitive dental market, patients research online before booking, and right now they can't find you easily. The sample includes your services, contact info, and a modern layout that works on phones. No obligation—just wanted to show what's possible. Want to see it? Reply and I'll send the link. Best, \[Your Name]"
4,Donald H Naeve DDS,(512) 441-2098,No site,A solo practitioner with decades of experience but no digital footprint. Cannot showcase expertise or offer online appointment requests.,HTML below,"Hi Dr. Naeve, I noticed your practice doesn't have its own website—so I built a sample one-page site for you as a free preview. In Austin's competitive dental market, patients research online before booking, and right now they can't find you easily. The sample includes your services, contact info, and a modern layout that works on phones. No obligation—just wanted to show what's possible. Want to see it? Reply and I'll send the link. Best, \[Your Name]"
5,James McGee DDS PC,(512) 444-7469,No site,Sharing a building with other dentists but lacking online differentiation—patients cannot distinguish this practice from neighbors.,HTML below,"Hi Dr. McGee, I noticed your practice doesn't have its own website—so I built a sample one-page site for you as a free preview. In Austin's competitive dental market, patients research online before booking, and right now they can't find you easily. The sample includes your services, contact info, and a modern layout that works on phones. No obligation—just wanted to show what's possible. Want to see it? Reply and I'll send the link. Best, \[Your Name]"
6,JE Horton DDS,(512) 442-0101,No site,Positioned on busy S Lamar but absent from digital maps. New residents and young professionals will never discover this practice.,HTML below,"Hi Dr. Horton, I noticed your practice doesn't have its own website—so I built a sample one-page site for you as a free preview. In Austin's competitive dental market, patients research online before booking, and right now they can't find you easily. The sample includes your services, contact info, and a modern layout that works on phones. No obligation—just wanted to show what's possible. Want to see it? Reply and I'll send the link. Best, \[Your Name]"
7,Bryan Simons DDS,(512) 442-4338,No site,"No after-hours info, no service descriptions, and no reviews. In South Austin, this practice is invisible to the tech-savvy demographic.",HTML below,"Hi Dr. Simons, I noticed your practice doesn't have its own website—so I built a sample one-page site for you as a free preview. In Austin's competitive dental market, patients research online before booking, and right now they can't find you easily. The sample includes your services, contact info, and a modern layout that works on phones. No obligation—just wanted to show what's possible. Want to see it? Reply and I'll send the link. Best, \[Your Name]"
8,Mark Castor DDS,(512) 441-7777,No site,Memorable phone number but no matching web presence. Misses the crucial research phase where most patients check providers online.,HTML below,"Hi Dr. Castor, I noticed your practice doesn't have its own website—so I built a sample one-page site for you as a free preview. In Austin's competitive dental market, patients research online before booking, and right now they can't find you easily. The sample includes your services, contact info, and a modern layout that works on phones. No obligation—just wanted to show what's possible. Want to see it? Reply and I'll send the link. Best, \[Your Name]"
9,Robert L Machen DDS,(512) 912-9750,No site,Operating from a shared medical building without a dedicated site creates confusion about which practice is which.,HTML below,"Hi Dr. Machen, I noticed your practice doesn't have its own website—so I built a sample one-page site for you as a free preview. In Austin's competitive dental market, patients research online before booking, and right now they can't find you easily. The sample includes your services, contact info, and a modern layout that works on phones. No obligation—just wanted to show what's possible. Want to see it? Reply and I'll send the link. Best, \[Your Name]"
10,Fresh Breath Center,(512) 441-7875,No site,A specialized halitosis clinic with no platform to explain its niche. Patients searching “bad breath treatment Austin” find general dentists instead.,HTML below,"Hi Team at Fresh Breath Center, I noticed your practice doesn't have its own website—so I built a sample one-page site for you as a free preview. In Austin's competitive dental market, patients research online before booking, and right now they can't find you easily. The sample includes your services, contact info, and a modern layout that works on phones. No obligation—just wanted to show what's possible. Want to see it? Reply and I'll send the link. Best, \[Your Name]"
11,Carewell Dentistry,(512) 992-0267,No site,Accepts Medicaid and CHIP—a huge differentiator—but families cannot verify acceptance or learn about affordable care without a site.,HTML below,"Hi Carewell Team, I noticed your practice doesn't have its own website—so I built a sample one-page site for you as a free preview. In Austin's competitive dental market, patients research online before booking, and right now they can't find you easily. The sample includes your services, contact info, and a modern layout that works on phones. No obligation—just wanted to show what's possible. Want to see it? Reply and I'll send the link. Best, \[Your Name]"
12,Hope Medical Clinic Dental,(512) 241-9425,No site,Offers free dental screenings but has no website to promote this mission. Misses opportunities to attract volunteers and uninsured patients.,HTML below,"Hi Hope Medical Team, I noticed your practice doesn't have its own website—so I built a sample one-page site for you as a free preview. In Austin's competitive dental market, patients research online before booking, and right now they can't find you easily. The sample includes your services, contact info, and a modern layout that works on phones. No obligation—just wanted to show what's possible. Want to see it? Reply and I'll send the link. Best, \[Your Name]"
13,Texas Smile Dental Center,(512) 326-3473,smallsmiles.com (chain page),Buried within a corporate chain site with no individual identity. Patients cannot find local-specific info or staff photos.,HTML below,"Hi Texas Smile Team, I noticed your practice doesn't have its own website—so I built a sample one-page site for you as a free preview. In Austin's competitive dental market, patients research online before booking, and right now they can't find you easily. The sample includes your services, contact info, and a modern layout that works on phones. No obligation—just wanted to show what's possible. Want to see it? Reply and I'll send the link. Best, \[Your Name]"
14,People’s Community Clinic Dental,(512) 478-4939,No site,"A safety-net clinic serving low-income families, yet no site to communicate sliding-scale fees or eligibility requirements.",HTML below,"Hi People's Community Clinic Team, I noticed your practice doesn't have its own website—so I built a sample one-page site for you as a free preview. In Austin's competitive dental market, patients research online before booking, and right now they can't find you easily. The sample includes your services, contact info, and a modern layout that works on phones. No obligation—just wanted to show what's possible. Want to see it? Reply and I'll send the link. Best, \[Your Name]"
15,Excel Dental / Elie El-Hage DDS,(512) 274-0005,No dedicated site,"Listed across directories with conflicting phone numbers and addresses, but no central site to unify the brand or confirm which location is active.",HTML below,"Hi Dr. El-Hage, I noticed your practice doesn't have its own website—so I built a sample one-page site for you as a free preview. In Austin's competitive dental market, patients research online before booking, and right now they can't find you easily. The sample includes your services, contact info, and a modern layout that works on phones. No obligation—just wanted to show what's possible. Want to see it? Reply and I'll send the link. Best, \[Your Name]"
